{
  "name": "angular-modal-service",
  "version": "0.6.7",
  "homepage": "https://github.com/dwmkerr/angular-modal-service",
  "authors": [
    "Dave Kerr (github.com/dwmkerr)"
  ],
  "description": "AngularJS Service for showing Modals and Popups",
  "main": "dst/angular-modal-service.js",
  "keywords": [
    "angular",
    "angularjs",
    "modal",
    "popup",
    "service"
  ],
  "license": "MIT",
  "ignore": [
    "**/.*",
    "node_modules",
    "bower_components",
    "test",
    "samples",
    "src",
    ".gitignore",
    "*.json",
    "gulpfile.js",
    "CHANGELOG.md",
    "*.yml"
  ],
  "dependencies": {
    "angular": "~1.4.x"
  },
  "devDependencies": {
    "angular-mocks": "~1.4.x",
    "bootstrap": "~3.3.2",
    "jquery": "~2.1.3"
  },
  "_release": "0.6.7",
  "_resolution": {
    "type": "version",
    "tag": "v0.6.7",
    "commit": "38675d283c77db555a286e4511efefb3a95dddbd"
  },
  "_source": "git://github.com/dwmkerr/angular-modal-service.git",
  "_target": "~0.6.7",
  "_originalSource": "angular-modal-service",
  "_direct": true
}