{
  "name": "angular-ui-grid",
  "description": "A data grid for Angular",
  "main": [
    "./less",
    "./ui-grid.css",
    "./ui-grid.eot",
    "./ui-grid.js",
    "./ui-grid.svg",
    "./ui-grid.ttf",
    "./ui-grid.woff"
  ],
  "ignore": [],
  "dependencies": {
    "angular": ">=1.2.16 1.4.x"
  },
  "repository": {
    "type": "git",
    "url": "https://github.com/angular-ui/ui-grid.git"
  },
  "homepage": "http://ui-grid.info",
  "bugs": {
    "url": "https://github.com/angular-ui/ui-grid/issues"
  },
  "keywords": [
    "angular",
    "ng-grid",
    "nggrid",
    "grid",
    "angularjs",
    "slickgrid",
    "kogrid",
    "ui-grid",
    "ui grid",
    "data grid"
  ],
  "license": "MIT",
  "version": "3.0.5",
  "_release": "3.0.5",
  "_resolution": {
    "type": "version",
    "tag": "v3.0.5",
    "commit": "d6dee7f114fc7d5e1f3a99551ca19f6d4d6a0849"
  },
  "_source": "git://github.com/angular-ui/bower-ui-grid.git",
  "_target": "~3.0.5",
  "_originalSource": "angular-ui-grid",
  "_direct": true
}