{
  "name": "jquery.gritter",
  "version": "1.7.4",
  "main": [
    "./js/jquery.gritter.js",
    "./css/jquery.gritter.css"
  ],
  "dependencies": {
    "jquery": ">=1.8.2"
  },
  "homepage": "https://github.com/jboesch/Gritter",
  "_release": "1.7.4",
  "_resolution": {
    "type": "version",
    "tag": "1.7.4",
    "commit": "7f0c27823f8862ad22860420d26eca933e60169d"
  },
  "_source": "git://github.com/jboesch/Gritter.git",
  "_target": "~1.7.4",
  "_originalSource": "jquery.gritter",
  "_direct": true
}