{
  "name": "angular-qrcode",
  "version": "6.1.3",
  "main": "angular-qrcode.js",
  "ignore": [
    "**/.*",
    "node_modules",
    "components"
  ],
  "dependencies": {
    "angular": ">=1.0.6",
    "qrcode-generator": "git://github.com/monospaced/bower-qrcode-generator.git#0.0.2"
  },
  "homepage": "https://github.com/monospaced/angular-qrcode",
  "_release": "6.1.3",
  "_resolution": {
    "type": "version",
    "tag": "v6.1.3",
    "commit": "c8cf21324bca86377b136a75bb0439d5ce8f4237"
  },
  "_source": "git://github.com/monospaced/angular-qrcode.git",
  "_target": "~6.1.3",
  "_originalSource": "monospaced/angular-qrcode",
  "_direct": true
}